link,video id
PYuTzLswn_Y,https://invidious.nerdvpn.de/watch?v=PYuTzLswn_Y
ra5kMCXO-6I,https://invidious.nerdvpn.de/watch?v=ra5kMCXO-6I
jRAAaDll34Q,https://invidious.nerdvpn.de/watch?v=jRAAaDll34Q
HZ8uXq5VG2w,https://invidious.nerdvpn.de/watch?v=HZ8uXq5VG2w
vQQEaSnQ_bs,https://invidious.nerdvpn.de/watch?v=vQQEaSnQ_bs
1KO_HZtHOWI,https://invidious.nerdvpn.de/watch?v=1KO_HZtHOWI
coZbOM6E47I,https://invidious.nerdvpn.de/watch?v=coZbOM6E47I
th5_9woFJmk,https://invidious.nerdvpn.de/watch?v=th5_9woFJmk
RO6JxDOVwLQ,https://invidious.nerdvpn.de/watch?v=RO6JxDOVwLQ
N6hyN6BW6ao,https://invidious.nerdvpn.de/watch?v=N6hyN6BW6ao
UFuo7EHI8zc,https://invidious.nerdvpn.de/watch?v=UFuo7EHI8zc
KdmPHEnPJPs,https://invidious.nerdvpn.de/watch?v=KdmPHEnPJPs
txMdrV1Ut64,https://invidious.nerdvpn.de/watch?v=txMdrV1Ut64
T11QYVfZoD0,https://invidious.nerdvpn.de/watch?v=T11QYVfZoD0
HQ6XO9eT-fc,https://invidious.nerdvpn.de/watch?v=HQ6XO9eT-fc
DCDe29sIKcE,https://invidious.nerdvpn.de/watch?v=DCDe29sIKcE
Lw2rlcxScZY,https://invidious.nerdvpn.de/watch?v=Lw2rlcxScZY
W9XjRYFkkyw,https://invidious.nerdvpn.de/watch?v=W9XjRYFkkyw
zmdjNSmRXF4,https://invidious.nerdvpn.de/watch?v=zmdjNSmRXF4
ZyhVh-qRZPA,https://invidious.nerdvpn.de/watch?v=ZyhVh-qRZPA
z0gguhEmWiY,https://invidious.nerdvpn.de/watch?v=z0gguhEmWiY
_P7X8tMplsw,https://invidious.nerdvpn.de/watch?v=_P7X8tMplsw
fKl2JW_qrso,https://invidious.nerdvpn.de/watch?v=fKl2JW_qrso
IEEhzQoKtQU,https://invidious.nerdvpn.de/watch?v=IEEhzQoKtQU
mO_dS3rXDIs,https://invidious.nerdvpn.de/watch?v=mO_dS3rXDIs
2Fp1N6dof0Y,https://invidious.nerdvpn.de/watch?v=2Fp1N6dof0Y
XFZRVnP-MTU,https://invidious.nerdvpn.de/watch?v=XFZRVnP-MTU
Ercd-Ip5PfQ,https://invidious.nerdvpn.de/watch?v=Ercd-Ip5PfQ
_LWjaAiKaf8,https://invidious.nerdvpn.de/watch?v=_LWjaAiKaf8
zZZ_RCwp49g,https://invidious.nerdvpn.de/watch?v=zZZ_RCwp49g
